date,id
2010-11-08,2
2010-11-08,10
2010-11-08,54
2010-11-08,113
2010-11-08,271
2010-11-08,402
2010-11-08,970
2010-11-10,119
2010-11-10,471
2010-11-11,74
2010-11-11,168
2010-11-13,37
2010-11-13,474
2010-11-15,439
2010-11-18,99
2010-11-19,1632
2010-11-20,1127
2010-11-26,4
2010-11-29,1
2010-11-30,121
2010-11-30,505
2010-12-04,7424
2010-12-05,91
2010-12-05,297
2010-12-06,312
2010-12-11,238
2010-12-11,2473
2010-12-12,40
2010-12-19,31
2010-12-20,7400
2010-12-21,710
2010-12-27,625
2010-12-27,744
2010-12-28,380
2010-12-28,1401
2010-12-29,45
2010-12-29,293
2010-12-29,917
2010-12-29,1209
2010-12-30,512
2010-12-31,23
2011-01-04,251
2011-01-05,44
2011-01-05,2891
2011-01-05,7552
2011-01-09,712
2011-01-11,249
2011-01-13,501
2011-01-13,1115
2011-01-13,1469
2011-01-16,436
2011-01-16,768
2011-01-19,989
2011-01-21,1087
2011-01-24,532
2011-01-25,379
2011-01-26,389
2011-01-26,446
2011-01-27,126
2011-01-29,769
2011-02-03,1909
2011-02-05,131
2011-02-05,145
2011-02-05,561
2011-02-07,148
2011-02-09,270
2011-02-10,2103
2011-02-11,237
2011-02-12,1409
2011-02-13,223
2011-02-13,466
2011-02-14,109
2011-02-15,460
2011-02-15,1226
2011-02-15,1919
2011-02-15,2698
2011-02-16,152
2011-02-16,711
2011-02-16,840
2011-02-16,1230
2011-02-16,1628
2011-02-16,7327
2011-02-17,1600
2011-02-18,935
2011-02-19,1270
2011-02-21,851
2011-02-23,531
2011-02-24,234
2011-02-25,106
2011-02-25,1077
2011-02-25,1913
2011-02-25,2438
2011-02-26,1212
2011-02-26,1921
2011-02-27,108
2011-02-27,626
2011-02-28,774
2011-03-01,139
2011-03-01,1099
2011-03-02,193
2011-03-03,250
2011-03-03,1908
2011-03-04,1076
2011-03-04,1816
2011-03-06,1131
2011-03-07,165
2011-03-09,1398
2011-03-09,1601
2011-03-09,2439
2011-03-10,2440
2011-03-12,84
2011-03-12,1078
2011-03-13,468
2011-03-15,16
2011-03-15,606
2011-03-15,654
2011-03-15,2441
2011-03-15,7550
2011-03-16,419
2011-03-16,841
2011-03-17,153
2011-03-17,2442
2011-03-21,562
2011-03-22,1910
2011-03-23,842
2011-03-23,1911
2011-03-24,63
2011-03-24,298
2011-03-25,1210
2011-03-26,908
2011-03-26,1080
2011-03-27,353
2011-03-27,2444
2011-03-28,469
2011-03-28,500
2011-03-28,986
2011-03-28,1603
2011-03-29,401
2011-03-30,138
2011-03-30,1402
2011-03-31,1214
2011-03-31,1602
2011-04-01,987
2011-04-01,1400
2011-04-02,311
2011-04-02,365
2011-04-03,438
2011-04-03,988
2011-04-03,1914
2011-04-03,2445
2011-04-04,354
2011-04-04,656
2011-04-04,771
2011-04-05,200
2011-04-05,607
2011-04-05,844
2011-04-05,846
2011-04-05,2446
2011-04-06,224
2011-04-06,503
2011-04-06,847
2011-04-06,1606
2011-04-07,437
2011-04-07,2447
2011-04-07,3480
2011-04-08,129
2011-04-08,149
2011-04-08,2443
2011-04-09,1607
2011-04-09,1916
2011-04-10,504
2011-04-10,7401
2011-04-11,909
2011-04-11,1605
2011-04-12,236
2011-04-12,502
2011-04-12,655
2011-04-12,770
2011-04-12,773
2011-04-12,843
2011-04-12,845
2011-04-12,2448
2011-04-14,167
2011-04-14,366
2011-04-14,1922
2011-04-15,150
2011-04-15,209
2011-04-15,713
2011-04-15,1081
2011-04-15,1082
2011-04-15,1219
2011-04-16,72
2011-04-16,215
2011-04-16,322
2011-04-16,470
2011-04-16,848
2011-04-16,990
2011-04-16,1083
2011-04-16,1917
2011-04-16,2449
2011-04-16,2451
2011-04-17,1610
2011-04-17,1611
2011-04-17,2450
2011-04-17,2453
2011-04-17,2454
2011-04-18,169
2011-04-18,420
2011-04-18,991
2011-04-19,21
2011-04-19,441
2011-04-19,772
2011-04-19,993
2011-04-19,1613
2011-04-19,2455
2011-04-19,2456
2011-04-20,1927
2011-04-20,2457
2011-04-20,2458
2011-04-21,272
2011-04-21,563
2011-04-21,7582
2011-04-22,235
2011-04-22,564
2011-04-22,2459
2011-04-23,1085
2011-04-23,1915
2011-04-23,7437
2011-04-24,534
2011-04-24,657
2011-04-24,658
2011-04-24,715
2011-04-24,1221
2011-04-24,1222
2011-04-24,1404
2011-04-24,1928
2011-04-24,2464
2011-04-24,2465
2011-04-25,252
2011-04-25,565
2011-04-25,659
2011-04-25,1088
2011-04-25,1215
2011-04-25,1608
2011-04-25,1925
2011-04-25,2460
2011-04-25,2466
2011-04-25,3516
2011-04-26,175
2011-04-26,440
2011-04-26,1609
2011-04-26,2462
2011-04-27,42
2011-04-27,1090
2011-04-27,1224
2011-04-27,1926
2011-04-27,2468
2011-04-27,2469
2011-04-28,443
2011-04-28,997
2011-04-28,1220
2011-04-28,1930
2011-04-28,2467
2011-04-28,2471
2011-04-29,100
2011-04-29,717
2011-04-29,996
2011-04-29,1091
2011-04-29,2470
2011-04-29,2472
2011-04-30,355
2011-04-30,716
2011-04-30,718
2011-04-30,994
2011-04-30,1093
2011-04-30,1413
2011-04-30,2474
2011-04-30,2476
2011-05-01,201
2011-05-01,381
2011-05-01,382
2011-05-01,472
2011-05-01,473
2011-05-01,506
2011-05-01,507
2011-05-01,535
2011-05-01,536
2011-05-01,566
2011-05-01,609
2011-05-01,910
2011-05-01,911
2011-05-01,998
2011-05-01,1089
2011-05-01,1095
2011-05-01,1096
2011-05-01,1227
2011-05-01,1228
2011-05-01,1932
2011-05-01,2477
2011-05-01,2478
2011-05-01,2480
2011-05-01,2482
2011-05-02,194
2011-05-02,323
2011-05-02,422
2011-05-02,533
2011-05-02,775
2011-05-02,1098
2011-05-02,1216
2011-05-02,1416
2011-05-02,1618
2011-05-02,1619
2011-05-02,1933
2011-05-02,7371
2011-05-02,7569
2011-05-03,339
2011-05-03,442
2011-05-03,529
2011-05-03,992
2011-05-03,1094
2011-05-03,1406
2011-05-03,1614
2011-05-03,1935
2011-05-03,1938
2011-05-03,2483
2011-05-03,2484
2011-05-03,2485
2011-05-04,216
2011-05-04,324
2011-05-04,421
2011-05-04,537
2011-05-04,1086
2011-05-04,1218
2011-05-04,1420
2011-05-04,1621
2011-05-04,1918
2011-05-04,1936
2011-05-04,2475
2011-05-04,2487
2011-05-04,2488
2011-05-05,274
2011-05-05,299
2011-05-05,403
2011-05-05,610
2011-05-05,714
2011-05-05,1225
2011-05-05,1232
2011-05-05,1399
2011-05-05,1419
2011-05-05,1615
2011-05-05,1624
2011-05-05,1931
2011-05-05,1940
2011-05-05,1942
2011-05-05,2481
2011-05-05,2490
2011-05-06,48
2011-05-06,159
2011-05-06,273
2011-05-06,340
2011-05-06,423
2011-05-06,444
2011-05-06,467
2011-05-06,767
2011-05-06,1234
2011-05-06,1412
2011-05-06,1623
2011-05-06,1920
2011-05-06,2492
2011-05-06,2494
2011-05-06,7402
2011-05-06,7511
2011-05-06,7589
2011-05-07,111
2011-05-07,181
2011-05-07,341
2011-05-07,912
2011-05-07,1092
2011-05-07,1097
2011-05-07,1229
2011-05-07,1408
2011-05-07,1415
2011-05-07,1945
2011-05-07,2495
2011-05-08,89
2011-05-08,187
2011-05-08,313
2011-05-08,508
2011-05-08,567
2011-05-08,662
2011-05-08,850
2011-05-08,1421
2011-05-08,1943
2011-05-08,2486
2011-05-09,325
2011-05-09,445
2011-05-09,447
2011-05-09,568
2011-05-09,913
2011-05-09,1100
2011-05-09,1625
2011-05-10,225
2011-05-10,995
2011-05-10,1079
2011-05-10,1101
2011-05-10,1233
2011-05-10,1405
2011-05-10,1629
2011-05-10,1946
2011-05-10,1947
2011-05-10,1949
2011-05-10,1950
2011-05-10,2496
2011-05-10,2497
2011-05-10,2499
2011-05-10,7413
2011-05-11,50
2011-05-11,140
2011-05-11,404
2011-05-11,569
2011-05-11,660
2011-05-11,914
2011-05-11,1211
2011-05-11,1231
2011-05-11,1410
2011-05-11,1414
2011-05-11,1422
2011-05-11,1630
2011-05-11,1951
2011-05-11,2491
2011-05-12,88
2011-05-12,263
2011-05-12,356
2011-05-12,405
2011-05-12,776
2011-05-12,999
2011-05-12,1223
2011-05-12,1411
2011-05-12,1612
2011-05-12,1620
2011-05-12,1633
2011-05-12,2501
2011-05-13,33
2011-05-13,35
2011-05-13,65
2011-05-13,97
2011-05-13,101
2011-05-13,326
2011-05-13,424
2011-05-13,538
2011-05-13,570
2011-05-13,661
2011-05-13,1002
2011-05-13,1213
2011-05-13,1236
2011-05-13,1418
2011-05-13,1616
2011-05-13,1956
2011-05-13,2502
2011-05-13,2503
2011-05-14,154
2011-05-14,342
2011-05-14,916
2011-05-14,1000
2011-05-14,1102
2011-05-14,1235
2011-05-14,1423
2011-05-14,1626
2011-05-14,1959
2011-05-14,1960
2011-05-14,2504
2011-05-14,2506
2011-05-15,239
2011-05-15,571
2011-05-15,612
2011-05-15,915
2011-05-15,1001
2011-05-15,1103
2011-05-15,1104
2011-05-15,1634
2011-05-15,1635
2011-05-15,1944
2011-05-15,1953
2011-05-15,1955
2011-05-15,1957
2011-05-15,2493
2011-05-15,7372
2011-05-16,75
2011-05-16,539
2011-05-16,663
2011-05-16,777
2011-05-16,1105
2011-05-16,1417
2011-05-16,1425
2011-05-16,1952
2011-05-16,1964
2011-05-16,1965
2011-05-16,2507
2011-05-16,2510
2011-05-16,2511
2011-05-17,327
2011-05-17,511
2011-05-17,611
2011-05-17,719
2011-05-17,852
2011-05-17,853
2011-05-17,1237
2011-05-17,1238
2011-05-17,1403
2011-05-17,1424
2011-05-17,1426
2011-05-17,1622
2011-05-17,1962
2011-05-17,1966
2011-05-17,2500
2011-05-17,2505
2011-05-17,2509
2011-05-17,2512
2011-05-17,2514
2011-05-17,2515
2011-05-17,2516
2011-05-17,2517
2011-05-17,2518
2011-05-17,2519
2011-05-17,2520
2011-05-17,2521
2011-05-17,7438
2011-05-18,182
2011-05-18,425
2011-05-18,475
2011-05-18,510
2011-05-18,664
2011-05-18,666
2011-05-18,918
2011-05-18,1636
2011-05-18,1638
2011-05-18,1967
2011-05-18,1969
2011-05-18,2522
2011-05-18,2523
2011-05-19,137
2011-05-19,226
2011-05-19,328
2011-05-19,920
2011-05-19,1084
2011-05-19,1639
2011-05-19,1640
2011-05-19,1948
2011-05-19,2526
2011-05-20,217
2011-05-20,367
2011-05-20,368
2011-05-20,720
2011-05-20,921
2011-05-20,1107
2011-05-20,1217
2011-05-20,1239
2011-05-20,1971
2011-05-20,2525
2011-05-20,7373
2011-05-21,155
2011-05-21,383
2011-05-21,922
2011-05-21,1106
2011-05-21,1109
2011-05-21,1240
2011-05-21,1428
2011-05-21,1641
2011-05-21,1642
2011-05-21,2527
2011-05-21,2528
2011-05-21,2529
2011-05-21,7423
2011-05-22,668
2011-05-22,1003
2011-05-22,1644
2011-05-22,1973
2011-05-22,2452
2011-05-22,2463
2011-05-22,2532
2011-05-22,7508
2011-05-23,130
2011-05-23,343
2011-05-23,669
2011-05-23,721
2011-05-23,1110
2011-05-23,1637
2011-05-23,1647
2011-05-23,1648
2011-05-23,1974
2011-05-23,1977
2011-05-23,1978
2011-05-23,2489
2011-05-23,2533
2011-05-24,778
2011-05-24,1241
2011-05-24,1924
2011-05-24,1979
2011-05-24,2534
2011-05-25,509
2011-05-25,779
2011-05-25,1004
2011-05-25,1643
2011-05-25,1645
2011-05-25,1929
2011-05-25,1972
2011-05-25,1975
2011-05-25,1976
2011-05-25,1980
2011-05-25,1981
2011-05-26,448
2011-05-26,573
2011-05-26,613
2011-05-26,614
2011-05-26,665
2011-05-26,1108
2011-05-26,1429
2011-05-26,1983
2011-05-26,2536
2011-05-26,2537
2011-05-27,202
2011-05-27,406
2011-05-27,513
2011-05-27,572
2011-05-27,722
2011-05-27,855
2011-05-27,1243
2011-05-27,1651
2011-05-27,1984
2011-05-27,1985
2011-05-27,2539
2011-05-27,2540
2011-05-27,2541
2011-05-27,7498
2011-05-28,90
2011-05-28,102
2011-05-28,923
2011-05-28,924
2011-05-28,2538
2011-05-29,574
2011-05-29,856
2011-05-29,2544
2011-05-29,2546
2011-05-29,3774
2011-05-30,478
2011-05-30,608
2011-05-30,667
2011-05-30,780
2011-05-30,781
2011-05-30,1005
2011-05-30,1244
2011-05-30,1430
2011-05-30,1431
2011-05-30,1988
2011-05-30,1990
2011-05-30,1991
2011-05-30,1992
2011-05-30,2513
2011-05-30,2542
2011-05-30,2543
2011-05-30,2547
2011-05-30,2548
2011-05-30,2549
2011-05-30,2551
2011-05-31,476
2011-05-31,477
2011-05-31,540
2011-05-31,575
2011-05-31,576
2011-05-31,1655
2011-05-31,1958
2011-05-31,1987
2011-05-31,1994
2011-05-31,2535
2011-05-31,2556
2011-05-31,2557
2011-05-31,2558
2011-05-31,7449
2011-06-01,57
2011-06-01,183
2011-06-01,282
2011-06-01,357
2011-06-01,384
2011-06-01,449
2011-06-01,854
2011-06-01,926
2011-06-01,1111
2011-06-01,1247
2011-06-01,1654
2011-06-01,1657
2011-06-01,1658
2011-06-01,1659
2011-06-01,1660
2011-06-01,1996
2011-06-01,1997
2011-06-01,1998
2011-06-01,1999
2011-06-01,2000
2011-06-01,2001
2011-06-01,2564
2011-06-01,2565
2011-06-01,2566
2011-06-01,7546
2011-06-02,283
2011-06-02,615
2011-06-02,670
2011-06-02,782
2011-06-02,927
2011-06-02,1007
2011-06-02,1248
2011-06-02,1432
2011-06-02,1433
2011-06-02,1434
2011-06-02,1653
2011-06-02,1661
2011-06-02,1662
2011-06-02,1934
2011-06-02,2004
2011-06-02,2545
2011-06-02,2553
2011-06-02,2560
2011-06-02,2562
2011-06-02,2567
2011-06-02,2568
2011-06-02,2569
2011-06-02,2570
2011-06-02,2571
2011-06-02,2572
2011-06-02,7394
2011-06-02,7524
2011-06-03,264
2011-06-03,358
2011-06-03,385
2011-06-03,578
2011-06-03,579
2011-06-03,671
2011-06-03,857
2011-06-03,919
2011-06-03,925
2011-06-03,928
2011-06-03,1250
2011-06-03,1254
2011-06-03,1435
2011-06-03,1437
2011-06-03,1438
2011-06-03,1663
2011-06-03,1665
2011-06-03,1666
2011-06-03,1963
2011-06-03,1993
2011-06-03,1995
2011-06-03,2006
2011-06-03,2008
2011-06-03,2010
2011-06-03,2011
2011-06-03,2012
2011-06-03,2013
2011-06-03,2014
2011-06-03,2015
2011-06-03,2531
2011-06-03,2559
2011-06-03,2561
2011-06-03,2563
2011-06-03,2574
2011-06-03,2575
2011-06-03,7564
2011-06-03,7570
2011-06-04,39
2011-06-04,672
2011-06-04,725
2011-06-04,783
2011-06-04,849
2011-06-04,1006
2011-06-04,1011
2011-06-04,1112
2011-06-04,1113
2011-06-04,1255
2011-06-04,1436
2011-06-04,1439
2011-06-04,1441
2011-06-04,1652
2011-06-04,1667
2011-06-04,1668
2011-06-04,1669
2011-06-04,1671
2011-06-04,1672
2011-06-04,2002
2011-06-04,2007
2011-06-04,2016
2011-06-04,2018
2011-06-04,2550
2011-06-04,2578
2011-06-04,2579
2011-06-04,2581
2011-06-04,2582
2011-06-04,7518
2011-06-05,28
2011-06-05,300
2011-06-05,407
2011-06-05,617
2011-06-05,620
2011-06-05,674
2011-06-05,726
2011-06-05,784
2011-06-05,858
2011-06-05,1008
2011-06-05,1009
2011-06-05,1013
2011-06-05,1114
2011-06-05,1256
2011-06-05,1258
2011-06-05,1646
2011-06-05,1673
2011-06-05,2019
2011-06-05,2020
2011-06-05,2022
2011-06-05,2461
2011-06-05,2554
2011-06-05,2580
2011-06-05,2588
2011-06-05,7329
2011-06-05,7596
2011-06-06,76
2011-06-06,78
2011-06-06,210
2011-06-06,240
2011-06-06,344
2011-06-06,408
2011-06-06,514
2011-06-06,580
2011-06-06,616
2011-06-06,675
2011-06-06,676
2011-06-06,727
2011-06-06,1014
2011-06-06,1015
2011-06-06,1116
2011-06-06,1444
2011-06-06,1446
2011-06-06,1676
2011-06-06,1677
2011-06-06,1941
2011-06-06,2023
2011-06-06,2027
2011-06-06,2029
2011-06-06,2584
2011-06-06,2585
2011-06-06,2590
2011-06-06,2591
2011-06-07,450
2011-06-07,479
2011-06-07,619
2011-06-07,859
2011-06-07,1010
2011-06-07,1251
2011-06-07,1253
2011-06-07,1259
2011-06-07,1260
2011-06-07,1447
2011-06-07,1449
2011-06-07,1670
2011-06-07,1674
2011-06-07,1678
2011-06-07,1982
2011-06-07,2021
2011-06-07,2025
2011-06-07,2030
2011-06-07,2031
2011-06-07,2583
2011-06-07,2592
2011-06-07,2593
2011-06-07,7519
2011-06-08,11
2011-06-08,195
2011-06-08,218
2011-06-08,369
2011-06-08,480
2011-06-08,541
2011-06-08,677
2011-06-08,678
2011-06-08,860
2011-06-08,862
2011-06-08,929
2011-06-08,1117
2011-06-08,1118
2011-06-08,1245
2011-06-08,1257
2011-06-08,1262
2011-06-08,1264
2011-06-08,1451
2011-06-08,1452
2011-06-08,1664
2011-06-08,1675
2011-06-08,1679
2011-06-08,1680
2011-06-08,1968
2011-06-08,2026
2011-06-08,2032
2011-06-08,2033
2011-06-08,2034
2011-06-08,2036
2011-06-08,2037
2011-06-08,2038
2011-06-08,2039
2011-06-08,2040
2011-06-08,2041
2011-06-08,2042
2011-06-08,2043
2011-06-08,2044
2011-06-08,2573
2011-06-08,2586
2011-06-08,2587
2011-06-08,2589
2011-06-08,2596
2011-06-08,2597
2011-06-08,2598
2011-06-08,2601
2011-06-08,2603
2011-06-08,2604
2011-06-08,7587
2011-06-09,6
2011-06-09,77
2011-06-09,275
2011-06-09,386
2011-06-09,481
2011-06-09,622
2011-06-09,623
2011-06-09,785
2011-06-09,786
2011-06-09,864
2011-06-09,932
2011-06-09,1119
2011-06-09,1121
2011-06-09,1249
2011-06-09,1265
2011-06-09,1450
2011-06-09,1455
2011-06-09,1456
2011-06-09,1627
2011-06-09,1650
2011-06-09,1681
2011-06-09,1683
2011-06-09,2003
2011-06-09,2005
2011-06-09,2009
2011-06-09,2024
2011-06-09,2045
2011-06-09,2046
2011-06-09,2047
2011-06-09,2048
2011-06-09,2049
2011-06-09,2050
2011-06-09,2524
2011-06-09,2552
2011-06-09,2595
2011-06-09,2599
2011-06-09,2602
2011-06-09,2606
2011-06-09,2607
2011-06-09,2608
2011-06-09,2610
2011-06-10,426
2011-06-10,624
2011-06-10,679
2011-06-10,724
2011-06-10,863
2011-06-10,930
2011-06-10,931
2011-06-10,1012
2011-06-10,1122
2011-06-10,1246
2011-06-10,1266
2011-06-10,1453
2011-06-10,1684
2011-06-10,2028
2011-06-10,2051
2011-06-10,2054
2011-06-10,2600
2011-06-10,2609
2011-06-10,2611
2011-06-10,2612
2011-06-10,7374
2011-06-10,7561
2011-06-11,132
2011-06-11,254
2011-06-11,302
2011-06-11,303
2011-06-11,359
2011-06-11,387
2011-06-11,1120
2011-06-11,1261
2011-06-11,1458
2011-06-11,1682
2011-06-11,1686
2011-06-11,1687
2011-06-11,1688
2011-06-11,2017
2011-06-11,2052
2011-06-11,2055
2011-06-11,2056
2011-06-11,2057
2011-06-11,2058
2011-06-11,2059
2011-06-11,2060
2011-06-11,2061
2011-06-11,2062
2011-06-11,2616
2011-06-11,2617
2011-06-11,2620
2011-06-11,2621
2011-06-11,2622
2011-06-11,2623
2011-06-11,3999
2011-06-11,7533
2011-06-12,865
2011-06-12,1267
2011-06-12,1690
2011-06-12,1937
2011-06-12,2064
2011-06-12,2065
2011-06-12,2067
2011-06-12,2625
2011-06-12,2626
2011-06-12,2627
2011-06-12,2628
2011-06-12,2629
2011-06-12,7439
2011-06-13,515
2011-06-13,723
2011-06-13,788
2011-06-13,934
2011-06-13,2069
2011-06-13,2070
2011-06-13,2618
2011-06-13,2635
2011-06-13,2637
2011-06-13,2639
2011-06-14,577
2011-06-14,1124
2011-06-14,1443
2011-06-14,1460
2011-06-14,1693
2011-06-14,1989
2011-06-14,2035
2011-06-14,2068
2011-06-14,2072
2011-06-14,2605
2011-06-14,2613
2011-06-14,2614
2011-06-14,2619
2011-06-14,2636
2011-06-14,2642
2011-06-14,2643
2011-06-14,2644
2011-06-14,2645
2011-06-14,7395
2011-06-14,7396
2011-06-14,7409
2011-06-14,7414
2011-06-14,7520
2011-06-14,7571
2011-06-14,7576
2011-06-15,79
2011-06-15,728
2011-06-15,1445
2011-06-15,1692
2011-06-15,1939
2011-06-15,2508
2011-06-15,2615
2011-06-15,2646
2011-06-15,2647
2011-06-15,2648
2011-06-15,2649
2011-06-15,7415
2011-06-16,583
2011-06-16,1126
2011-06-16,1461
2011-06-16,1462
2011-06-16,2077
2011-06-16,2624
2011-06-16,2640
2011-06-17,581
2011-06-17,1689
2011-06-17,1694
2011-06-17,2071
2011-06-17,2653
2011-06-17,2658
2011-06-17,2659
2011-06-17,2660
2011-06-17,2662
2011-06-18,2076
2011-06-18,2663
2011-06-19,55
2011-06-19,1696
2011-06-19,1698
2011-06-19,2082
2011-06-19,2665
2011-06-19,2666
2011-06-19,2668
2011-06-20,20
2011-06-20,265
2011-06-20,388
2011-06-20,680
2011-06-20,867
2011-06-20,1269
2011-06-20,1463
2011-06-20,1697
2011-06-20,1700
2011-06-20,2083
2011-06-20,2084
2011-06-20,2655
2011-06-20,2669
2011-06-20,2670
2011-06-20,2675
2011-06-20,4311
2011-06-21,18
2011-06-21,482
2011-06-21,1017
2011-06-21,1018
2011-06-21,1252
2011-06-21,1263
2011-06-21,1448
2011-06-21,1702
2011-06-21,2074
2011-06-21,2081
2011-06-21,2085
2011-06-21,2086
2011-06-21,2555
2011-06-21,2654
2011-06-21,2671
2011-06-21,2672
2011-06-21,2674
2011-06-21,2678
2011-06-21,2683
2011-06-21,7450
2011-06-22,729
2011-06-22,866
2011-06-22,1656
2011-06-22,1699
2011-06-22,1701
2011-06-22,1703
2011-06-22,1705
2011-06-22,2087
2011-06-22,2088
2011-06-22,2089
2011-06-22,2656
2011-06-22,2661
2011-06-22,2680
2011-06-22,2684
2011-06-22,2685
2011-06-23,146
2011-06-23,730
2011-06-23,933
2011-06-23,1019
2011-06-23,1466
2011-06-23,2688
2011-06-24,542
2011-06-24,936
2011-06-24,1464
2011-06-24,1467
2011-06-24,1704
2011-06-24,2630
2011-06-24,2689
2011-06-24,2691
2011-06-24,2692
2011-06-25,314
2011-06-25,628
2011-06-25,789
2011-06-25,1649
2011-06-25,2693
2011-06-26,1271
2011-06-26,1468
2011-06-26,2091
2011-06-26,2092
2011-06-26,2694
2011-06-27,1273
2011-06-27,1695
2011-06-28,231
2011-06-28,627
2011-06-28,937
2011-06-28,1021
2011-06-28,1123
2011-06-28,2063
2011-06-28,2094
2011-06-28,2095
2011-06-28,2664
2011-06-28,4017
2011-06-28,7328
2011-06-29,117
2011-06-29,1125
2011-06-29,1275
2011-06-29,2073
2011-06-29,2682
2011-06-29,7448
2011-06-30,1454
2011-06-30,2696
2011-06-30,2697
2011-07-01,451
2011-07-01,2093
2011-07-02,253
2011-07-02,516
2011-07-02,731
2011-07-02,938
2011-07-02,7440
2011-07-03,1129
2011-07-03,2096
2011-07-03,2695
2011-07-03,2699
2011-07-04,1427
2011-07-04,1708
2011-07-04,2097
2011-07-04,2701
2011-07-05,629
2011-07-05,2676
2011-07-05,2687
2011-07-05,2704
2011-07-06,1440
2011-07-06,2099
2011-07-06,2681
2011-07-06,2705
2011-07-06,7572
2011-07-07,682
2011-07-07,1130
2011-07-07,1706
2011-07-07,2703
2011-07-08,47
2011-07-08,1276
2011-07-08,2700
2011-07-09,17
2011-07-10,1132
2011-07-10,1691
2011-07-10,2101
2011-07-10,2667
2011-07-11,939
2011-07-11,1133
2011-07-11,2100
2011-07-11,2530
2011-07-12,543
2011-07-12,790
2011-07-12,2708
2011-07-12,7451
2011-07-12,7452
2011-07-12,7580
2011-07-13,732
2011-07-13,1685
2011-07-13,2706
2011-07-14,26
2011-07-14,2102
2011-07-14,2709
2011-07-14,2710
2011-07-17,791
2011-07-17,1465
2011-07-18,2712
2011-07-19,2105
2011-07-19,2711
2011-07-20,940
2011-07-20,2104
2011-07-20,2106
2011-07-21,255
2011-07-21,1710
2011-07-21,2677
2011-07-21,2714
2011-07-21,2715
2011-07-22,15
2011-07-22,630
2011-07-22,681
2011-07-22,2108
2011-07-22,2716
2011-07-24,584
2011-07-24,1268
2011-07-24,7499
2011-07-25,66
2011-07-25,188
2011-07-25,212
2011-07-25,1242
2011-07-25,2109
2011-07-25,2713
2011-07-25,2719
2011-07-25,2720
2011-07-25,2721
2011-07-26,1471
2011-07-26,1709
2011-07-26,2722
2011-07-27,2717
2011-07-28,2723
2011-07-29,2110
2011-07-31,792
2011-07-31,1472
2011-07-31,2724
2011-08-01,1712
2011-08-01,2725
2011-08-01,2726
2011-08-01,7603
2011-08-02,870
2011-08-02,2111
2011-08-03,2641
2011-08-03,7453
2011-08-04,2112
2011-08-04,2728
2011-08-05,545
2011-08-05,1470
2011-08-05,2075
2011-08-05,7557
2011-08-06,2729
2011-08-07,22
2011-08-07,2732
2011-08-08,345
2011-08-08,452
2011-08-08,869
2011-08-08,1457
2011-08-08,1473
2011-08-08,1714
2011-08-08,1716
2011-08-08,2631
2011-08-08,2731
2011-08-09,1617
2011-08-09,1713
2011-08-09,2098
2011-08-09,2107
2011-08-09,2733
2011-08-10,315
2011-08-10,544
2011-08-10,733
2011-08-10,1717
2011-08-10,2707
2011-08-11,1715
2011-08-11,2734
2011-08-12,2735
2011-08-12,2736
2011-08-13,868
2011-08-13,2727
2011-08-14,1718
2011-08-14,2114
2011-08-14,2739
2011-08-16,1719
2011-08-16,1720
2011-08-16,2730
2011-08-17,2740
2011-08-17,2741
2011-08-18,2116
2011-08-18,2117
2011-08-18,2737
2011-08-18,2738
2011-08-19,2742
2011-08-21,2115
2011-08-22,1279
2011-08-23,734
2011-08-24,1923
2011-08-24,2743
2011-08-25,2118
2011-08-26,1280
2011-08-26,2576
2011-08-27,2066
2011-08-27,2744
2011-08-28,2119
2011-08-28,7547
2011-08-29,9
2011-08-29,1475
2011-08-30,2748
2011-08-30,2749
2011-08-31,586
2011-08-31,2747
2011-09-01,2746
2011-09-02,483
2011-09-02,1476
2011-09-02,2120
2011-09-02,2753
2011-09-03,1721
2011-09-05,1477
2011-09-05,2750
2011-09-05,2752
2011-09-06,1474
2011-09-07,546
2011-09-07,1442
2011-09-08,793
2011-09-08,1722
2011-09-08,2755
2011-09-09,2079
2011-09-09,2638
2011-09-10,1278
2011-09-10,2757
2011-09-11,284
2011-09-11,1277
2011-09-11,4721
2011-09-12,735
2011-09-12,2121
2011-09-13,304
2011-09-13,1282
2011-09-13,1711
2011-09-13,2122
2011-09-14,1285
2011-09-14,2758
2011-09-15,2754
2011-09-15,2756
2011-09-19,1284
2011-09-19,2760
2011-09-20,632
2011-09-20,2751
2011-09-20,2762
2011-09-21,2761
2011-09-26,2125
2011-09-28,160
2011-09-28,736
2011-09-28,2765
2011-09-29,2479
2011-09-29,2763
2011-09-29,2764
2011-10-01,2126
2011-10-02,211
2011-10-02,794
2011-10-03,135
2011-10-03,203
2011-10-03,2127
2011-10-03,2766
2011-10-03,2767
2011-10-05,219
2011-10-05,1478
2011-10-05,2686
2011-10-07,1135
2011-10-07,7387
2011-10-09,1725
2011-10-10,1726
2011-10-10,2769
2011-10-11,98
2011-10-14,1136
2011-10-14,1283
2011-10-15,1286
2011-10-16,942
2011-10-16,2123
2011-10-18,1022
2011-10-18,2124
2011-10-19,2771
2011-10-20,2128
2011-10-21,683
2011-10-22,943
2011-10-22,1137
2011-10-22,2770
2011-10-23,196
2011-10-24,122
2011-10-24,2768
2011-10-24,2773
2011-10-25,2129
2011-10-25,2774
2011-10-26,2772
2011-10-27,7563
2011-10-28,2776
2011-10-28,2777
2011-10-28,2778
2011-10-29,346
2011-10-29,2775
2011-10-30,871
2011-10-31,795
2011-10-31,944
2011-10-31,1287
2011-10-31,1727
2011-10-31,7565
2011-11-01,305
2011-11-01,2779
2011-11-02,872
2011-11-02,1729
2011-11-02,2690
2011-11-03,2780
2011-11-04,2781
2011-11-05,1138
2011-11-06,67
2011-11-07,232
2011-11-07,587
2011-11-07,2783
2011-11-09,256
2011-11-09,1281
2011-11-09,2784
2011-11-09,2786
2011-11-10,2785
2011-11-11,409
2011-11-11,2130
2011-11-12,2789
2011-11-12,2790
2011-11-13,1728
2011-11-13,4888
2011-11-13,7455
2011-11-14,14
2011-11-14,1730
2011-11-14,2788
2011-11-15,1023
2011-11-15,1479
2011-11-15,2791
2011-11-15,2792
2011-11-16,360
2011-11-16,1731
2011-11-16,2132
2011-11-16,2498
2011-11-17,51
2011-11-17,588
2011-11-17,2135
2011-11-18,2131
2011-11-18,2133
2011-11-18,2134
2011-11-18,2796
2011-11-20,1288
2011-11-20,2793
2011-11-22,1139
2011-11-22,2136
2011-11-22,2138
2011-11-22,2797
2011-11-23,1289
2011-11-23,2137
2011-11-23,2795
2011-11-23,2798
2011-11-23,2799
2011-11-23,4910
2011-11-24,1290
2011-11-24,2800
2011-11-26,1970
2011-11-28,945
2011-11-28,2802
2011-11-28,7526
2011-11-29,2801
2011-11-30,1481
2011-12-01,38
2011-12-01,1732
2011-12-01,2804
2011-12-01,2805
2011-12-02,316
2011-12-02,1724
2011-12-03,107
2011-12-03,1128
2011-12-03,2142
2011-12-03,2143
2011-12-05,2145
2011-12-05,2803
2011-12-07,317
2011-12-07,1480
2011-12-07,2144
2011-12-08,156
2011-12-08,2146
2011-12-08,2806
2011-12-08,4934
2011-12-09,1291
2011-12-09,2140
2011-12-09,2809
2011-12-10,547
2011-12-10,1733
2011-12-10,1734
2011-12-12,484
2011-12-12,2150
2011-12-12,2808
2011-12-12,2811
2011-12-13,24
2011-12-13,873
2011-12-13,2149
2011-12-13,2151
2011-12-14,2147
2011-12-15,1024
2011-12-15,1292
2011-12-15,2812
2011-12-17,2152
2011-12-18,874
2011-12-19,1482
2011-12-19,1483
2011-12-20,197
2011-12-20,2156
2011-12-20,2813
2011-12-20,4057
2011-12-20,7388
2011-12-21,797
2011-12-21,1025
2011-12-21,1293
2011-12-21,1737
2011-12-21,2807
2011-12-22,157
2011-12-22,294
2011-12-22,2148
2011-12-23,796
2011-12-23,1294
2011-12-23,1736
2011-12-23,2157
2011-12-23,2810
2011-12-23,7456
2011-12-24,589
2011-12-25,142
2011-12-25,1484
2011-12-26,277
2011-12-27,1735
2011-12-27,2814
2011-12-27,2815
2011-12-29,2817
2011-12-29,2818
2011-12-29,2819
2011-12-30,361
2011-12-30,1026
2011-12-30,2158
2011-12-30,2159
2012-01-01,2821
2012-01-02,60
2012-01-02,585
2012-01-02,2820
2012-01-03,2139
2012-01-04,70
2012-01-04,947
2012-01-05,2632
2012-01-05,2824
2012-01-06,1738
2012-01-06,2825
2012-01-07,685
2012-01-07,2823
2012-01-08,257
2012-01-08,1295
2012-01-08,1297
2012-01-08,2829
2012-01-10,948
2012-01-10,2745
2012-01-10,2832
2012-01-11,2830
2012-01-11,2834
2012-01-12,7454
2012-01-13,949
2012-01-13,1027
2012-01-14,133
2012-01-14,1740
2012-01-14,2835
2012-01-15,2164
2012-01-16,2163
2012-01-17,548
2012-01-17,2160
2012-01-17,2166
2012-01-17,2828
2012-01-17,2836
2012-01-18,1487
2012-01-18,2161
2012-01-18,2816
2012-01-20,64
2012-01-20,485
2012-01-20,517
2012-01-20,2826
2012-01-20,2837
2012-01-21,2168
2012-01-21,2827
2012-01-22,2169
2012-01-22,7331
2012-01-23,32
2012-01-23,2167
2012-01-23,5029
2012-01-24,147
2012-01-24,1742
2012-01-25,2162
2012-01-26,371
2012-01-26,1301
2012-01-26,2838
2012-01-27,2839
2012-01-28,7457
2012-01-29,69
2012-01-29,170
2012-01-29,738
2012-01-29,946
2012-01-30,686
2012-01-30,7592
2012-01-31,1303
2012-01-31,1743
2012-02-01,1296
2012-02-01,2165
2012-02-01,2840
2012-02-02,2170
2012-02-03,370
2012-02-03,1302
2012-02-03,1304
2012-02-03,2154
2012-02-03,2171
2012-02-04,798
2012-02-04,2172
2012-02-04,2841
2012-02-04,2842
2012-02-05,518
2012-02-06,1140
2012-02-06,1485
2012-02-06,1744
2012-02-07,1745
2012-02-07,1746
2012-02-08,634
2012-02-08,1300
2012-02-08,1739
2012-02-08,2153
2012-02-09,110
2012-02-09,453
2012-02-09,2174
2012-02-10,950
2012-02-10,1305
2012-02-10,2173
2012-02-10,2844
2012-02-12,347
2012-02-12,1307
2012-02-12,1741
2012-02-12,1747
2012-02-12,2175
2012-02-12,7579
2012-02-13,2176
2012-02-13,2846
2012-02-14,1141
2012-02-14,1488
2012-02-15,83
2012-02-15,1029
2012-02-15,2847
2012-02-16,799
2012-02-16,2845
2012-02-17,1272
2012-02-17,2141
2012-02-18,2849
2012-02-19,951
2012-02-19,1749
2012-02-19,2850
2012-02-19,7375
2012-02-20,687
2012-02-20,2848
2012-02-20,7577
2012-02-21,2652
2012-02-21,2853
2012-02-22,2594
2012-02-23,266
2012-02-23,1308
2012-02-23,2856
2012-02-24,2851
2012-02-24,2855
2012-02-25,1030
2012-02-26,633
2012-02-26,1750
2012-02-26,2860
2012-02-27,1142
2012-02-27,1751
2012-02-27,2861
2012-02-29,549
2012-02-29,2854
2012-02-29,2863
2012-03-01,29
2012-03-01,1748
2012-03-01,2179
2012-03-01,2862
2012-03-02,7
2012-03-02,143
2012-03-02,688
2012-03-02,1309
2012-03-02,2177
2012-03-02,2180
2012-03-02,2858
2012-03-02,2864
2012-03-03,2865
2012-03-04,410
2012-03-04,486
2012-03-04,737
2012-03-04,1489
2012-03-06,176
2012-03-06,1143
2012-03-06,7562
2012-03-07,185
2012-03-07,1490
2012-03-07,2866
2012-03-08,362
2012-03-08,1486
2012-03-09,2867
2012-03-10,631
2012-03-10,2859
2012-03-10,7573
2012-03-11,1753
2012-03-12,52
2012-03-12,591
2012-03-12,1311
2012-03-12,2181
2012-03-12,2868
2012-03-13,875
2012-03-13,1912
2012-03-13,2182
2012-03-13,2871
2012-03-13,7534
2012-03-14,1312
2012-03-14,2183
2012-03-14,2870
2012-03-14,2872
2012-03-14,2873
2012-03-15,635
2012-03-15,739
2012-03-15,1144
2012-03-15,2184
2012-03-15,2875
2012-03-16,582
2012-03-16,740
2012-03-16,1491
2012-03-16,1754
2012-03-16,2186
2012-03-16,2877
2012-03-17,2185
2012-03-17,2879
2012-03-18,198
2012-03-18,1031
2012-03-18,1145
2012-03-18,1755
2012-03-18,2187
2012-03-19,204
2012-03-19,1313
2012-03-19,1314
2012-03-19,2878
2012-03-19,2880
2012-03-20,1315
2012-03-20,1316
2012-03-21,25
2012-03-21,1492
2012-03-21,1752
2012-03-21,2188
2012-03-23,2883
2012-03-23,2884
2012-03-24,329
2012-03-25,638
2012-03-25,1493
2012-03-25,2189
2012-03-25,2190
2012-03-25,2787
2012-03-25,2885
2012-03-26,259
2012-03-26,1317
2012-03-26,1756
2012-03-26,2191
2012-03-26,7566
2012-03-27,161
2012-03-27,258
2012-03-27,1032
2012-03-27,1318
2012-03-27,1757
2012-03-29,1146
2012-03-29,2886
2012-03-29,2887
2012-03-30,519
2012-03-30,2876
2012-03-30,2881
2012-03-30,2882
2012-03-30,2888
2012-04-01,487
2012-04-01,2192
2012-04-01,2193
2012-04-02,276
2012-04-02,1319
2012-04-02,2194
2012-04-02,2874
2012-04-03,639
2012-04-03,1495
2012-04-03,1758
2012-04-03,2195
2012-04-04,800
2012-04-04,1494
2012-04-04,1759
2012-04-04,2196
2012-04-04,5140
2012-04-05,171
2012-04-05,1033
2012-04-05,2197
2012-04-06,1034
2012-04-06,2889
2012-04-07,2869
2012-04-10,13
2012-04-10,7397
2012-04-10,7593
2012-04-11,636
2012-04-11,1496
2012-04-11,2178
2012-04-11,2892
2012-04-11,2894
2012-04-12,637
2012-04-12,2857
2012-04-12,2896
2012-04-13,1760
2012-04-13,2893
2012-04-14,190
2012-04-14,1497
2012-04-14,1761
2012-04-14,2897
2012-04-15,1147
2012-04-15,2198
2012-04-15,7332
2012-04-16,1035
2012-04-16,1148
2012-04-16,1498
2012-04-16,2199
2012-04-17,1320
2012-04-17,1500
2012-04-18,955
2012-04-18,2899
2012-04-19,2201
2012-04-19,2898
2012-04-19,7403
2012-04-20,1762
2012-04-20,2200
2012-04-20,2901
2012-04-21,592
2012-04-21,1766
2012-04-21,1767
2012-04-21,2702
2012-04-21,7512
2012-04-22,92
2012-04-22,1149
2012-04-22,1502
2012-04-22,1764
2012-04-22,2905
2012-04-23,454
2012-04-23,550
2012-04-23,957
2012-04-23,2895
2012-04-23,2902
2012-04-24,7504
2012-04-25,318
2012-04-25,958
2012-04-25,2904
2012-04-26,1150
2012-04-26,2906
2012-04-27,7376
2012-04-29,80
2012-04-29,391
2012-04-29,2204
2012-04-29,2205
2012-04-30,690
2012-04-30,1503
2012-04-30,2910
2012-04-30,7600
2012-05-01,520
2012-05-01,1501
2012-05-01,2908
2012-05-01,2911
2012-05-02,741
2012-05-02,1769
2012-05-02,2203
2012-05-02,2909
2012-05-02,2912
2012-05-02,2913
2012-05-02,2914
2012-05-03,177
2012-05-03,319
2012-05-03,350
2012-05-03,802
2012-05-03,2206
2012-05-03,2907
2012-05-03,2915
2012-05-04,2207
2012-05-04,2916
2012-05-04,2917
2012-05-04,2918
2012-05-05,267
2012-05-05,2782
2012-05-06,2919
2012-05-07,839
2012-05-08,85
2012-05-08,489
2012-05-08,803
2012-05-08,1322
2012-05-08,1504
2012-05-09,551
2012-05-09,1134
2012-05-09,1505
2012-05-09,1986
2012-05-09,2922
2012-05-10,348
2012-05-10,1707
2012-05-10,1765
2012-05-10,1770
2012-05-10,2209
2012-05-11,2923
2012-05-12,43
2012-05-12,103
2012-05-12,673
2012-05-12,2210
2012-05-12,2924
2012-05-12,7425
2012-05-13,392
2012-05-13,2925
2012-05-14,301
2012-05-14,689
2012-05-14,1324
2012-05-14,1773
2012-05-15,2202
2012-05-15,2920
2012-05-16,805
2012-05-16,2208
2012-05-17,691
2012-05-17,2211
2012-05-18,285
2012-05-18,1325
2012-05-19,806
2012-05-19,2928
2012-05-20,393
2012-05-20,2929
2012-05-21,804
2012-05-21,2212
2012-05-22,1326
2012-05-22,2930
2012-05-22,7389
2012-05-22,7410
2012-05-22,7588
2012-05-23,521
2012-05-23,1020
2012-05-23,2213
2012-05-23,2931
2012-05-23,2932
2012-05-23,7583
2012-05-24,1328
2012-05-24,1723
2012-05-24,1774
2012-05-24,2679
2012-05-24,2933
2012-05-24,7411
2012-05-25,1507
2012-05-25,2215
2012-05-25,2934
2012-05-26,428
2012-05-26,2900
2012-05-26,2927
2012-05-26,2935
2012-05-27,184
2012-05-27,2216
2012-05-27,7442
2012-05-28,2936
2012-05-29,71
2012-05-29,123
2012-05-29,743
2012-05-29,2217
2012-05-30,1508
2012-05-31,306
2012-05-31,742
2012-05-31,787
2012-05-31,1509
2012-06-01,8
2012-06-01,427
2012-06-01,1510
2012-06-01,2220
2012-06-02,2937
2012-06-03,552
2012-06-03,1153
2012-06-03,2223
2012-06-03,2940
2012-06-04,189
2012-06-04,390
2012-06-04,1775
2012-06-04,2219
2012-06-04,2222
2012-06-04,2822
2012-06-04,2939
2012-06-05,260
2012-06-05,490
2012-06-05,745
2012-06-05,1512
2012-06-05,7416
2012-06-06,2221
2012-06-06,2577
2012-06-06,2943
2012-06-06,2944
2012-06-07,941
2012-06-07,1037
2012-06-07,1506
2012-06-07,1513
2012-06-07,2224
2012-06-09,372
2012-06-09,1155
2012-06-09,1778
2012-06-09,2226
2012-06-10,2926
2012-06-10,2938
2012-06-12,166
2012-06-12,286
2012-06-12,411
2012-06-12,1329
2012-06-12,2942
2012-06-13,522
2012-06-13,1156
2012-06-13,1771
2012-06-13,2945
2012-06-14,2949
2012-06-15,62
2012-06-15,2948
2012-06-15,2950
2012-06-15,2951
2012-06-16,801
2012-06-17,134
2012-06-17,1779
2012-06-17,2941
2012-06-17,2947
2012-06-18,455
2012-06-18,491
2012-06-19,684
2012-06-19,1511
2012-06-19,2954
2012-06-19,2955
2012-06-20,1038
2012-06-20,2956
2012-06-20,2957
2012-06-21,1780
2012-06-21,2228
2012-06-21,7377
2012-06-21,7458
2012-06-22,1039
2012-06-22,2952
2012-06-23,1327
2012-06-23,2958
2012-06-23,7333
2012-06-24,2890
2012-06-24,2960
2012-06-25,807
2012-06-26,530
2012-06-26,2959
2012-06-27,2961
2012-06-29,553
2012-06-29,693
2012-06-30,746
2012-06-30,2963
2012-07-01,330
2012-07-02,961
2012-07-02,1158
2012-07-02,1298
2012-07-02,1321
2012-07-02,1330
2012-07-02,1777
2012-07-03,956
2012-07-04,1772
2012-07-04,2962
2012-07-05,1152
2012-07-05,2231
2012-07-05,2946
2012-07-05,5342
2012-07-06,694
2012-07-08,7404
2012-07-09,954
2012-07-09,2230
2012-07-09,2965
2012-07-10,41
2012-07-10,488
2012-07-11,2218
2012-07-11,2852
2012-07-12,7553
2012-07-13,593
2012-07-13,747
2012-07-13,2964
2012-07-14,30
2012-07-14,2759
2012-07-14,2966
2012-07-15,213
2012-07-15,295
2012-07-16,151
2012-07-16,412
2012-07-16,695
2012-07-16,1161
2012-07-16,1331
2012-07-16,2232
2012-07-17,205
2012-07-17,1160
2012-07-17,1783
2012-07-18,241
2012-07-18,1154
2012-07-18,1162
2012-07-18,2233
2012-07-18,2969
2012-07-19,618
2012-07-21,1306
2012-07-22,1516
2012-07-22,1784
2012-07-22,7441
2012-07-24,1785
2012-07-24,1786
2012-07-26,172
2012-07-26,1517
2012-07-26,2229
2012-07-26,2234
2012-07-27,349
2012-07-28,1776
2012-07-28,2972
2012-07-28,5389
2012-07-29,278
2012-07-29,2967
2012-07-29,2974
2012-07-30,1332
2012-07-30,1514
2012-07-31,2973
2012-08-01,261
2012-08-02,2235
2012-08-03,178
2012-08-04,621
2012-08-04,1299
2012-08-04,1333
2012-08-04,2634
2012-08-04,2971
2012-08-04,2975
2012-08-04,2976
2012-08-05,1164
2012-08-05,2053
2012-08-05,2238
2012-08-06,320
2012-08-06,2240
2012-08-07,136
2012-08-07,876
2012-08-08,2241
2012-08-09,1040
2012-08-10,2843
2012-08-11,394
2012-08-12,456
2012-08-12,1159
2012-08-12,2979
2012-08-12,2980
2012-08-13,952
2012-08-13,2982
2012-08-14,220
2012-08-14,959
2012-08-15,878
2012-08-15,1042
2012-08-15,1334
2012-08-15,5392
2012-08-16,1041
2012-08-16,2981
2012-08-16,7482
2012-08-17,1781
2012-08-17,2245
2012-08-17,2983
2012-08-18,268
2012-08-18,1163
2012-08-18,1337
2012-08-18,2921
2012-08-18,2977
2012-08-18,2985
2012-08-19,1336
2012-08-19,2246
2012-08-20,2970
2012-08-20,2987
2012-08-20,5415
2012-08-21,594
2012-08-21,960
2012-08-21,1339
2012-08-21,1789
2012-08-21,2239
2012-08-21,2242
2012-08-21,7500
2012-08-22,2988
2012-08-23,1157
2012-08-23,1790
2012-08-24,1165
2012-08-24,1520
2012-08-24,2247
2012-08-24,2984
2012-08-25,554
2012-08-25,640
2012-08-25,1043
2012-08-25,1782
2012-08-25,2992
2012-08-26,2248
2012-08-26,2831
2012-08-26,2994
2012-08-26,7527
2012-08-28,2989
2012-08-28,2995
2012-08-29,2996
2012-08-31,808
2012-08-31,1791
2012-09-01,1340
2012-09-01,1792
2012-09-02,523
2012-09-02,2999
2012-09-02,3000
2012-09-03,1310
2012-09-04,1793
2012-09-04,2997
2012-09-04,3003
2012-09-05,696
2012-09-05,1788
2012-09-06,214
2012-09-06,1787
2012-09-07,1166
2012-09-07,1795
2012-09-07,2250
2012-09-07,2986
2012-09-08,697
2012-09-09,1796
2012-09-11,698
2012-09-11,2237
2012-09-11,2251
2012-09-11,3007
2012-09-12,2236
2012-09-12,2252
2012-09-12,7513
2012-09-13,1167
2012-09-13,3005
2012-09-14,116
2012-09-14,810
2012-09-14,3006
2012-09-15,1046
2012-09-15,3012
2012-09-15,7378
2012-09-15,7426
2012-09-15,7483
2012-09-15,7505
2012-09-15,7535
2012-09-16,879
2012-09-16,2090
2012-09-17,3010
2012-09-17,3014
2012-09-17,7460
2012-09-18,27
2012-09-18,2253
2012-09-18,7417
2012-09-18,7484
2012-09-18,7506
2012-09-19,46
2012-09-19,962
2012-09-19,3015
2012-09-20,3
2012-09-20,95
2012-09-20,1338
2012-09-20,1515
2012-09-20,3011
2012-09-20,7501
2012-09-21,68
2012-09-21,3016
2012-09-23,179
2012-09-23,3017
2012-09-24,1047
2012-09-24,1518
2012-09-24,3008
2012-09-25,811
2012-09-25,1799
2012-09-25,3018
2012-09-25,3019
2012-09-25,5533
2012-09-25,7517
2012-09-25,7536
2012-09-26,595
2012-09-26,3004
2012-09-27,1797
2012-09-27,7548
2012-09-28,1028
2012-09-28,7537
2012-09-29,395
2012-09-29,2244
2012-09-30,3020
2012-09-30,3022
2012-10-02,162
2012-10-02,1523
2012-10-03,964
2012-10-03,2255
2012-10-03,2258
2012-10-03,3024
2012-10-04,1794
2012-10-04,3025
2012-10-05,124
2012-10-05,641
2012-10-05,749
2012-10-05,7528
2012-10-06,112
2012-10-06,1048
2012-10-07,1802
2012-10-07,2257
2012-10-08,699
2012-10-08,880
2012-10-08,1522
2012-10-09,596
2012-10-09,1803
2012-10-09,7427
2012-10-10,228
2012-10-10,296
2012-10-10,331
2012-10-10,373
2012-10-10,813
2012-10-10,1168
2012-10-10,1804
2012-10-10,2259
2012-10-10,2261
2012-10-10,2262
2012-10-10,3023
2012-10-10,3026
2012-10-10,3028
2012-10-10,3029
2012-10-10,3030
2012-10-10,7336
2012-10-10,7590
2012-10-11,3027
2012-10-12,1044
2012-10-12,1342
2012-10-12,2254
2012-10-13,1407
2012-10-13,1806
2012-10-13,3031
2012-10-14,1524
2012-10-14,1805
2012-10-14,7529
2012-10-15,642
2012-10-15,1170
2012-10-16,3035
2012-10-16,3036
2012-10-16,3038
2012-10-17,279
2012-10-17,1807
2012-10-17,2260
2012-10-18,750
2012-10-18,1525
2012-10-18,3037
2012-10-20,2264
2012-10-21,2256
2012-10-21,3032
2012-10-22,73
2012-10-22,332
2012-10-22,1528
2012-10-22,3039
2012-10-22,3040
2012-10-22,3041
2012-10-23,700
2012-10-23,2263
2012-10-23,2266
2012-10-23,2267
2012-10-24,748
2012-10-24,881
2012-10-25,812
2012-10-25,1530
2012-10-26,287
2012-10-26,877
2012-10-26,1171
2012-10-26,1527
2012-10-26,1531
2012-10-26,2990
2012-10-26,7586
2012-10-27,1274
2012-10-27,2269
2012-10-27,2270
2012-10-27,3043
2012-10-27,7428
2012-10-27,7538
2012-10-29,882
2012-10-30,1526
2012-10-30,2265
2012-10-30,2268
2012-10-30,7595
2012-10-31,1335
2012-10-31,2271
2012-10-31,3046
2012-11-01,221
2012-11-01,1808
2012-11-01,2272
2012-11-02,1809
2012-11-02,7337
2012-11-02,7549
2012-11-04,1049
2012-11-04,1172
2012-11-04,3050
2012-11-05,36
2012-11-05,1173
2012-11-05,2274
2012-11-05,5660
2012-11-05,7338
2012-11-06,396
2012-11-06,966
2012-11-06,1631
2012-11-06,3048
2012-11-07,3051
2012-11-07,3054
2012-11-08,1345
2012-11-08,1499
2012-11-08,3049
2012-11-08,3052
2012-11-08,3055
2012-11-08,7334
2012-11-08,7539
2012-11-09,2273
2012-11-09,2276
2012-11-09,3056
2012-11-11,53
2012-11-11,3001
2012-11-12,1169
2012-11-12,2113
2012-11-13,1323
2012-11-13,1347
2012-11-13,3047
2012-11-13,3057
2012-11-13,7540
2012-11-14,1532
2012-11-15,280
2012-11-15,751
2012-11-15,3061
2012-11-15,5679
2012-11-15,7462
2012-11-16,1051
2012-11-17,701
2012-11-17,1810
2012-11-17,3053
2012-11-17,3059
2012-11-17,3060
2012-11-17,7443
2012-11-18,61
2012-11-18,1052
2012-11-18,3063
2012-11-18,7555
2012-11-19,2227
2012-11-20,967
2012-11-20,2998
2012-11-20,3062
2012-11-20,3065
2012-11-20,7556
2012-11-21,1346
2012-11-21,2278
2012-11-21,3067
2012-11-22,1811
2012-11-22,1812
2012-11-22,2279
2012-11-23,222
2012-11-23,1053
2012-11-23,3064
2012-11-24,1348
2012-11-25,1054
2012-11-25,2282
2012-11-25,3069
2012-11-25,5446
2012-11-26,1535
2012-11-26,2275
2012-11-26,3044
2012-11-27,2281
2012-11-27,3070
2012-11-27,3071
2012-11-27,3072
2012-11-27,3073
2012-11-28,2285
2012-11-28,7339
2012-11-29,809
2012-11-29,1349
2012-11-29,1814
2012-11-29,3045
2012-11-29,3076
2012-11-29,3077
2012-11-30,1801
2012-12-01,1813
2012-12-01,3075
2012-12-02,199
2012-12-03,2290
2012-12-05,883
2012-12-05,1536
2012-12-05,3078
2012-12-05,3080
2012-12-06,814
2012-12-06,2292
2012-12-06,3042
2012-12-07,457
2012-12-07,3068
2012-12-07,3079
2012-12-07,3082
2012-12-09,333
2012-12-09,752
2012-12-09,1820
2012-12-09,2294
2012-12-09,2295
2012-12-09,3034
2012-12-10,963
2012-12-10,1821
2012-12-10,2291
2012-12-10,7461
2012-12-11,227
2012-12-11,7464
2012-12-12,2297
2012-12-14,3074
2012-12-14,3086
2012-12-15,2298
2012-12-15,3084
2012-12-15,3085
2012-12-15,3087
2012-12-16,492
2012-12-16,1819
2012-12-16,2300
2012-12-17,1537
2012-12-17,3089
2012-12-17,3090
2012-12-18,703
2012-12-18,2299
2012-12-18,7551
2012-12-19,524
2012-12-19,1351
2012-12-19,2249
2012-12-19,2794
2012-12-19,3088
2012-12-19,3092
2012-12-20,493
2012-12-20,1538
2012-12-20,2301
2012-12-20,7429
2012-12-21,753
2012-12-21,3083
2012-12-21,3094
2012-12-21,7463
2012-12-22,56
2012-12-22,1539
2012-12-22,2302
2012-12-22,3093
2012-12-23,754
2012-12-23,3095
2012-12-24,1533
2012-12-24,1815
2012-12-24,3002
2012-12-24,3097
2012-12-26,815
2012-12-26,885
2012-12-26,1056
2012-12-26,1823
2012-12-26,3066
2012-12-27,755
2012-12-27,2280
2012-12-27,2303
2012-12-28,884
2012-12-28,1825
2012-12-28,3096
2012-12-28,3098
2012-12-29,1540
2012-12-29,3100
2012-12-29,7418
2012-12-29,7430
2012-12-30,127
2012-12-30,3102
2012-12-31,2289
2013-01-02,886
2013-01-02,1826
2013-01-02,2304
2013-01-02,3101
2013-01-02,7340
2013-01-03,1534
2013-01-03,2286
2013-01-03,2306
2013-01-04,968
2013-01-04,2284
2013-01-04,2978
2013-01-04,3104
2013-01-05,1822
2013-01-05,2305
2013-01-05,3081
2013-01-05,3103
2013-01-05,7530
2013-01-06,1824
2013-01-06,3099
2013-01-07,816
2013-01-07,2308
2013-01-08,2277
2013-01-08,2310
2013-01-08,3106
2013-01-09,2307
2013-01-09,3107
2013-01-10,1798
2013-01-10,1827
2013-01-11,1352
2013-01-11,7594
2013-01-13,1343
2013-01-13,1354
2013-01-14,643
2013-01-14,1178
2013-01-14,1828
2013-01-14,3013
2013-01-15,969
2013-01-15,3110
2013-01-15,3111
2013-01-15,3112
2013-01-15,7581
2013-01-16,2243
2013-01-16,3108
2013-01-17,288
2013-01-18,2311
2013-01-19,597
2013-01-19,3105
2013-01-20,1057
2013-01-20,2309
2013-01-20,3113
2013-01-20,3114
2013-01-20,3115
2013-01-21,244
2013-01-21,1543
2013-01-21,3116
2013-01-21,5837
2013-01-21,7465
2013-01-22,1604
2013-01-23,243
2013-01-23,1050
2013-01-23,1832
2013-01-23,7406
2013-01-23,7584
2013-01-24,1355
2013-01-24,1830
2013-01-26,1459
2013-01-26,1833
2013-01-26,3117
2013-01-27,334
2013-01-27,1545
2013-01-28,1542
2013-01-28,2313
2013-01-28,3109
2013-01-28,3119
2013-01-29,1546
2013-01-29,3118
2013-01-30,1180
2013-01-30,2991
2013-01-31,1344
2013-01-31,3033
2013-01-31,3121
2013-02-01,1341
2013-02-02,7405
2013-02-02,7407
2013-02-03,1835
2013-02-03,2214
2013-02-03,3122
2013-02-04,2296
2013-02-04,3120
2013-02-04,3125
2013-02-05,1836
2013-02-05,2314
2013-02-06,1834
2013-02-06,3127
2013-02-07,1356
2013-02-07,3124
2013-02-07,7432
2013-02-08,125
2013-02-08,173
2013-02-08,1058
2013-02-09,1837
2013-02-09,2315
2013-02-10,174
2013-02-10,2718
2013-02-11,374
2013-02-11,1548
2013-02-11,3130
2013-02-11,3131
2013-02-12,1179
2013-02-12,1357
2013-02-12,7574
2013-02-14,242
2013-02-14,1177
2013-02-14,1350
2013-02-14,3135
2013-02-15,2225
2013-02-15,2317
2013-02-15,2319
2013-02-15,3136
2013-02-16,3123
2013-02-16,3137
2013-02-17,525
2013-02-17,2320
2013-02-17,2321
2013-02-17,3134
2013-02-18,120
2013-02-18,351
2013-02-18,430
2013-02-18,1541
2013-02-18,3138
2013-02-18,7554
2013-02-19,971
2013-02-19,1036
2013-02-19,2322
2013-02-19,3133
2013-02-19,7431
2013-02-20,1055
2013-02-21,1181
2013-02-22,1045
2013-02-22,1176
2013-02-23,1061
2013-02-24,1954
2013-02-25,1060
2013-02-26,206
2013-02-26,756
2013-02-26,1062
2013-02-26,1360
2013-02-27,1059
2013-02-28,2288
2013-02-28,2326
2013-02-28,2327
2013-02-28,3058
2013-03-01,431
2013-03-01,1361
2013-03-01,3126
2013-03-02,269
2013-03-02,1818
2013-03-03,2329
2013-03-03,3144
2013-03-03,3145
2013-03-04,1151
2013-03-04,1800
2013-03-04,2323
2013-03-04,2324
2013-03-05,598
2013-03-05,2330
2013-03-05,3142
2013-03-06,3146
2013-03-07,1547
2013-03-07,1553
2013-03-07,2331
2013-03-07,3151
2013-03-08,1182
2013-03-08,1183
2013-03-08,1359
2013-03-08,1550
2013-03-08,1552
2013-03-08,1839
2013-03-08,3143
2013-03-08,3148
2013-03-09,1521
2013-03-09,1549
2013-03-09,3141
2013-03-09,3149
2013-03-09,3150
2013-03-09,3152
2013-03-10,1829
2013-03-11,599
2013-03-11,1555
2013-03-11,1840
2013-03-11,2328
2013-03-11,7390
2013-03-12,458
2013-03-12,3147
2013-03-13,114
2013-03-13,1362
2013-03-13,3154
2013-03-13,3156
2013-03-13,6014
2013-03-14,645
2013-03-14,817
2013-03-14,3158
2013-03-15,965
2013-03-15,1184
2013-03-15,2332
2013-03-15,2334
2013-03-15,3157
2013-03-16,3160
2013-03-18,818
2013-03-18,1529
2013-03-19,2283
2013-03-19,2337
2013-03-19,3132
2013-03-20,104
2013-03-20,1831
2013-03-20,3155
2013-03-20,3161
2013-03-21,49
2013-03-21,93
2013-03-21,2336
2013-03-21,2338
2013-03-21,2339
2013-03-21,3162
2013-03-22,207
2013-03-22,973
2013-03-22,1519
2013-03-22,3164
2013-03-23,555
2013-03-23,2316
2013-03-23,2340
2013-03-23,2341
2013-03-24,1175
2013-03-24,1842
2013-03-24,3168
2013-03-24,7419
2013-03-24,7604
2013-03-25,459
2013-03-25,3165
2013-03-26,2078
2013-03-26,7341
2013-03-26,7598
2013-03-26,7599
2013-03-26,7601
2013-03-26,7602
2013-03-27,646
2013-03-27,953
2013-03-27,3159
2013-03-27,3166
2013-03-27,3167
2013-03-27,3169
2013-03-27,3171
2013-03-28,245
2013-03-28,1186
2013-03-28,1363
2013-03-28,1556
2013-03-28,1844
2013-03-29,757
2013-03-29,1843
2013-03-29,2343
2013-03-29,3139
2013-03-29,3163
2013-03-30,262
2013-03-30,2342
2013-03-30,7509
2013-04-01,3178
2013-04-01,3179
2013-04-02,2345
2013-04-02,3173
2013-04-03,974
2013-04-03,2346
2013-04-03,3181
2013-04-03,3182
2013-04-04,81
2013-04-04,556
2013-04-04,861
2013-04-04,977
2013-04-04,3180
2013-04-05,889
2013-04-05,976
2013-04-05,1364
2013-04-05,1845
2013-04-05,3174
2013-04-05,3184
2013-04-06,96
2013-04-06,1557
2013-04-06,3175
2013-04-06,6157
2013-04-07,433
2013-04-07,702
2013-04-07,819
2013-04-07,887
2013-04-07,1188
2013-04-07,3177
2013-04-08,115
2013-04-08,704
2013-04-08,975
2013-04-08,1558
2013-04-08,1559
2013-04-08,2347
2013-04-08,3186
2013-04-08,6131
2013-04-09,229
2013-04-09,289
2013-04-09,307
2013-04-09,557
2013-04-09,600
2013-04-09,820
2013-04-09,1187
2013-04-09,1367
2013-04-09,3190
2013-04-09,3191
2013-04-09,7467
2013-04-10,34
2013-04-10,434
2013-04-10,461
2013-04-10,647
2013-04-10,648
2013-04-10,1849
2013-04-10,2350
2013-04-11,58
2013-04-11,821
2013-04-11,888
2013-04-11,1063
2013-04-11,1358
2013-04-11,2348
2013-04-11,3170
2013-04-11,3199
2013-04-11,3200
2013-04-11,3201
2013-04-11,3203
2013-04-11,7541
2013-04-12,705
2013-04-12,890
2013-04-12,1847
2013-04-12,3198
2013-04-13,644
2013-04-13,1016
2013-04-13,1851
2013-04-13,3204
2013-04-13,3205
2013-04-13,3207
2013-04-14,1366
2013-04-14,2349
2013-04-14,2352
2013-04-15,1560
2013-04-15,1841
2013-04-15,2351
2013-04-15,3176
2013-04-15,3202
2013-04-15,3208
2013-04-15,7525
2013-04-16,1174
2013-04-16,1365
2013-04-16,1838
2013-04-16,2318
2013-04-16,3193
2013-04-16,7514
2013-04-17,1852
2013-04-17,3189
2013-04-17,3194
2013-04-18,3212
2013-04-19,1817
2013-04-19,3209
2013-04-20,1064
2013-04-20,1562
2013-04-20,3153
2013-04-20,3210
2013-04-20,6166
2013-04-20,6257
2013-04-21,1190
2013-04-21,2355
2013-04-21,2356
2013-04-21,3211
2013-04-21,6290
2013-04-22,2333
2013-04-22,2353
2013-04-22,3217
2013-04-23,1850
2013-04-23,3192
2013-04-23,3218
2013-04-24,1564
2013-04-24,1853
2013-04-24,2358
2013-04-24,2993
2013-04-25,1565
2013-04-25,1854
2013-04-25,3221
2013-04-26,1544
2013-04-26,1855
2013-04-26,3222
2013-04-26,6317
2013-04-28,2357
2013-04-29,5
2013-04-29,1567
2013-04-29,3140
2013-04-29,6123
2013-04-30,972
2013-04-30,3224
2013-04-30,7434
2013-05-01,246
2013-05-01,979
2013-05-01,1568
2013-05-01,1856
2013-05-01,2335
2013-05-01,3226
2013-05-02,12
2013-05-03,3215
2013-05-03,3225
2013-05-04,208
2013-05-04,706
2013-05-04,3197
2013-05-05,1848
2013-05-05,1961
2013-05-05,3213
2013-05-06,1185
2013-05-06,1569
2013-05-06,3021
2013-05-07,247
2013-05-07,413
2013-05-07,1067
2013-05-07,3227
2013-05-07,7444
2013-05-08,2657
2013-05-09,3223
2013-05-09,3229
2013-05-09,3230
2013-05-09,6369
2013-05-12,823
2013-05-12,1572
2013-05-13,308
2013-05-13,1573
2013-05-13,2363
2013-05-13,3231
2013-05-14,1563
2013-05-14,1566
2013-05-14,1857
2013-05-14,3220
2013-05-15,1372
2013-05-15,1574
2013-05-15,1575
2013-05-15,2364
2013-05-15,3232
2013-05-16,494
2013-05-16,891
2013-05-16,1373
2013-05-18,435
2013-05-18,893
2013-05-18,3235
2013-05-19,1191
2013-05-19,3172
2013-05-19,3233
2013-05-20,892
2013-05-20,1570
2013-05-20,1571
2013-05-21,191
2013-05-21,2903
2013-05-21,3236
2013-05-21,7515
2013-05-22,1189
2013-05-22,3234
2013-05-22,3238
2013-05-23,144
2013-05-23,290
2013-05-23,2366
2013-05-23,3239
2013-05-24,3241
2013-05-24,3242
2013-05-25,3243
2013-05-25,7433
2013-05-26,1561
2013-05-26,7578
2013-05-27,1859
2013-05-27,2359
2013-05-27,3244
2013-05-27,3245
2013-05-28,3246
2013-05-29,692
2013-05-29,1763
2013-05-31,1065
2013-05-31,2368
2013-06-01,163
2013-06-02,3248
2013-06-02,3249
2013-06-04,335
2013-06-04,1371
2013-06-04,3129
2013-06-04,3247
2013-06-05,1860
2013-06-05,3250
2013-06-05,7380
2013-06-06,824
2013-06-06,2369
2013-06-07,1192
2013-06-07,1576
2013-06-07,2370
2013-06-07,3252
2013-06-08,760
2013-06-08,978
2013-06-09,1193
2013-06-11,6434
2013-06-11,7342
2013-06-13,3251
2013-06-14,825
2013-06-14,1861
2013-06-14,2371
2013-06-15,3257
2013-06-16,3219
2013-06-16,3258
2013-06-17,1376
2013-06-17,3253
2013-06-18,19
2013-06-18,59
2013-06-18,248
2013-06-19,1068
2013-06-19,2372
2013-06-20,1375
2013-06-20,2367
2013-06-23,980
2013-06-23,2650
2013-06-23,3254
2013-06-23,3260
2013-06-25,3185
2013-06-26,336
2013-06-26,758
2013-06-26,1377
2013-06-26,1862
2013-06-27,981
2013-06-27,1066
2013-06-27,3255
2013-06-27,3263
2013-06-28,1846
2013-06-29,1864
2013-06-29,3265
2013-06-30,158
2013-06-30,3259
2013-06-30,7468
2013-07-01,2362
2013-07-01,3237
2013-07-02,3264
2013-07-03,3266
2013-07-04,118
2013-07-04,432
2013-07-04,1577
2013-07-04,1866
2013-07-04,2360
2013-07-04,3268
2013-07-05,1194
2013-07-05,7343
2013-07-06,1869
2013-07-07,1578
2013-07-08,526
2013-07-08,1865
2013-07-08,1868
2013-07-10,759
2013-07-11,463
2013-07-11,3256
2013-07-12,3267
2013-07-13,3273
2013-07-14,292
2013-07-14,2375
2013-07-16,291
2013-07-17,826
2013-07-17,2374
2013-07-18,309
2013-07-18,3275
2013-07-19,3270
2013-07-20,1378
2013-07-21,3269
2013-07-22,2377
2013-07-23,1579
2013-07-24,1379
2013-07-24,2376
2013-07-27,822
2013-07-27,1870
2013-07-27,3271
2013-07-27,3278
2013-07-28,1872
2013-07-29,2378
2013-07-29,3280
2013-07-29,3281
2013-07-30,87
2013-07-30,128
2013-07-30,2379
2013-07-30,3187
2013-07-31,827
2013-07-31,1580
2013-07-31,1874
2013-07-31,1875
2013-07-31,3279
2013-08-01,3274
2013-08-01,7420
2013-08-01,7597
2013-08-03,82
2013-08-03,1871
2013-08-03,2354
2013-08-03,3272
2013-08-03,3284
2013-08-03,3285
2013-08-04,3287
2013-08-05,2381
2013-08-05,3282
2013-08-05,3283
2013-08-06,894
2013-08-07,2382
2013-08-10,3195
2013-08-11,7585
2013-08-12,3228
2013-08-12,6336
2013-08-13,1867
2013-08-13,3277
2013-08-15,1876
2013-08-16,2385
2013-08-16,3286
2013-08-17,895
2013-08-17,3289
2013-08-18,1551
2013-08-19,983
2013-08-19,2384
2013-08-20,982
2013-08-20,2386
2013-08-20,3291
2013-08-22,429
2013-08-22,1195
2013-08-22,2383
2013-08-22,2387
2013-08-22,2388
2013-08-23,310
2013-08-23,462
2013-08-23,6644
2013-08-24,3290
2013-08-27,3292
2013-08-27,3293
2013-08-27,3294
2013-08-29,3297
2013-08-29,7421
2013-08-30,7531
2013-08-31,2389
2013-09-02,414
2013-09-02,828
2013-09-02,6667
2013-09-03,3298
2013-09-04,105
2013-09-04,7469
2013-09-05,1877
2013-09-06,896
2013-09-06,1878
2013-09-09,2390
2013-09-09,3188
2013-09-09,3299
2013-09-10,1370
2013-09-10,3296
2013-09-11,601
2013-09-13,1374
2013-09-13,2373
2013-09-14,1380
2013-09-14,1581
2013-09-14,2391
2013-09-15,1880
2013-09-20,1196
2013-09-21,3009
2013-09-21,3301
2013-09-22,397
2013-09-23,3295
2013-09-23,3300
2013-09-24,2392
2013-09-26,1381
2013-09-27,1582
2013-10-01,2155
2013-10-03,707
2013-10-03,3302
2013-10-05,1583
2013-10-05,3303
2013-10-08,495
2013-10-08,7398
2013-10-09,1768
2013-10-09,7344
2013-10-10,1369
2013-10-13,7391
2013-10-15,2080
2013-10-15,2393
2013-10-15,3305
2013-10-16,164
2013-10-16,761
2013-10-17,3304
2013-10-18,376
2013-10-18,1881
2013-10-19,3308
2013-10-19,6736
2013-10-22,3310
2013-10-23,602
2013-10-23,1863
2013-10-23,1882
2013-10-23,3306
2013-10-26,3311
2013-10-27,3312
2013-10-28,7412
2013-10-29,1873
2013-10-29,2394
2013-10-29,3314
2013-10-30,1069
2013-10-30,3313
2013-11-05,7516
2013-11-06,1883
2013-11-06,3309
2013-11-08,2833
2013-11-09,3315
2013-11-09,7435
2013-11-10,3196
2013-11-10,7346
2013-11-12,1070
2013-11-12,2953
2013-11-13,7445
2013-11-14,527
2013-11-14,1884
2013-11-14,6786
2013-11-14,6792
2013-11-15,649
2013-11-15,1584
2013-11-15,7507
2013-11-17,650
2013-11-17,1353
2013-11-18,415
2013-11-18,496
2013-11-18,829
2013-11-18,3206
2013-11-18,7558
2013-11-19,3321
2013-11-19,7466
2013-11-20,590
2013-11-20,1886
2013-11-20,3316
2013-11-20,3318
2013-11-20,3322
2013-11-20,3323
2013-11-21,2395
2013-11-21,2396
2013-11-21,3324
2013-11-22,1197
2013-11-22,2651
2013-11-22,3326
2013-11-23,2397
2013-11-23,3325
2013-11-23,3327
2013-11-23,3328
2013-11-24,7392
2013-11-25,1885
2013-11-26,7446
2013-11-27,1585
2013-11-27,2398
2013-11-27,2400
2013-11-27,3320
2013-11-27,7408
2013-11-28,7345
2013-11-28,7347
2013-11-28,7485
2013-11-29,2399
2013-11-29,3319
2013-11-29,3330
2013-11-30,86
2013-11-30,1587
2013-11-30,3331
2013-11-30,7379
2013-12-01,3214
2013-12-01,7459
2013-12-01,7470
2013-12-01,7471
2013-12-01,7472
2013-12-01,7575
2013-12-03,3307
2013-12-04,3334
2013-12-05,3332
2013-12-05,3333
2013-12-05,6878
2013-12-06,3317
2013-12-06,3329
2013-12-08,3335
2013-12-09,1887
2013-12-09,7542
2013-12-09,7567
2013-12-10,7473
2013-12-10,7543
2013-12-11,233
2013-12-11,1382
2013-12-11,2401
2013-12-11,7474
2013-12-12,830
2013-12-12,831
2013-12-12,7475
2013-12-13,1879
2013-12-14,2968
2013-12-14,7436
2013-12-15,7476
2013-12-17,1588
2013-12-17,3336
2013-12-19,1888
2013-12-19,7348
2013-12-22,3337
2013-12-24,2402
2013-12-26,3340
2013-12-27,762
2013-12-30,416
2013-12-30,3339
2014-01-02,897
2014-01-03,3338
2014-01-05,1889
2014-01-05,3341
2014-01-07,3342
2014-01-09,1589
2014-01-13,1071
2014-01-14,763
2014-01-14,3262
2014-01-14,3343
2014-01-15,1198
2014-01-16,764
2014-01-18,7381
2014-01-18,7477
2014-01-21,3347
2014-01-22,3344
2014-01-25,352
2014-01-25,1891
2014-01-25,3345
2014-01-26,3348
2014-01-26,7350
2014-01-26,7351
2014-01-29,1383
2014-01-31,603
2014-01-31,898
2014-01-31,2365
2014-01-31,3346
2014-02-01,192
2014-02-01,1892
2014-02-03,708
2014-02-05,3350
2014-02-10,7486
2014-02-10,7487
2014-02-10,7488
2014-02-10,7489
2014-02-10,7490
2014-02-10,7491
2014-02-10,7492
2014-02-10,7493
2014-02-10,7494
2014-02-10,7495
2014-02-11,2287
2014-02-11,7353
2014-02-11,7354
2014-02-11,7355
2014-02-11,7356
2014-02-11,7357
2014-02-11,7521
2014-02-12,7382
2014-02-12,7496
2014-02-13,7559
2014-02-14,6958
2014-02-14,7358
2014-02-14,7359
2014-02-14,7360
2014-02-17,398
2014-02-17,1199
2014-02-19,3351
2014-02-20,417
2014-02-20,899
2014-02-20,3288
2014-02-21,1384
2014-02-21,2405
2014-02-21,2407
2014-02-21,3356
2014-02-21,7361
2014-02-21,7362
2014-02-22,2404
2014-02-25,832
2014-02-25,2403
2014-02-25,3353
2014-02-25,3359
2014-02-25,7352
2014-02-27,3358
2014-03-02,3361
2014-03-02,7447
2014-03-04,3352
2014-03-04,3362
2014-03-07,3363
2014-03-07,7478
2014-03-12,418
2014-03-19,901
2014-03-19,1893
2014-03-20,3349
2014-03-23,3364
2014-03-24,2408
2014-03-24,3360
2014-03-27,7568
2014-03-28,281
2014-03-28,900
2014-03-31,3183
2014-04-02,2409
2014-04-03,709
2014-04-03,3366
2014-04-05,321
2014-04-07,2673
2014-04-07,3354
2014-04-08,3365
2014-04-11,94
2014-04-11,375
2014-04-12,1385
2014-04-12,7063
2014-04-13,984
2014-04-13,1200
2014-04-13,1386
2014-04-15,1387
2014-04-16,498
2014-04-16,1554
2014-04-16,2293
2014-04-19,2411
2014-04-19,3370
2014-04-20,2412
2014-04-22,1593
2014-04-24,1895
2014-04-24,3367
2014-04-25,499
2014-04-25,3371
2014-04-25,3372
2014-04-28,2361
2014-04-29,1896
2014-04-29,3369
2014-04-30,1592
2014-05-01,1594
2014-05-02,3376
2014-05-03,2414
2014-05-03,7087
2014-05-04,3375
2014-05-04,3378
2014-05-05,833
2014-05-06,1368
2014-05-08,1201
2014-05-08,1586
2014-05-10,3379
2014-05-12,7363
2014-05-12,7502
2014-05-13,2415
2014-05-14,3380
2014-05-15,2406
2014-05-20,363
2014-05-21,528
2014-05-22,3381
2014-05-23,3383
2014-05-26,3240
2014-05-26,3373
2014-05-30,3128
2014-05-30,3384
2014-06-03,7383
2014-06-05,7503
2014-06-06,1072
2014-06-07,399
2014-06-07,2416
2014-06-07,2633
2014-06-08,141
2014-06-08,377
2014-06-09,765
2014-06-10,186
2014-06-12,2413
2014-06-13,1890
2014-06-13,1897
2014-06-13,2417
2014-06-15,230
2014-06-16,180
2014-06-19,766
2014-06-19,2418
2014-06-19,2419
2014-06-19,7591
2014-06-21,558
2014-06-23,2420
2014-06-23,7364
2014-06-25,464
2014-06-25,2421
2014-06-26,651
2014-06-26,3385
2014-06-26,7560
2014-06-30,378
2014-06-30,1389
2014-06-30,2380
2014-06-30,3388
2014-07-02,3387
2014-07-05,7161
2014-07-07,3386
2014-07-08,1898
2014-07-11,3390
2014-07-15,497
2014-07-17,3389
2014-07-19,3391
2014-07-22,7126
2014-07-23,902
2014-07-23,1388
2014-07-24,3392
2014-07-27,3393
2014-07-29,1899
2014-07-29,2344
2014-07-29,3374
2014-08-03,1202
2014-08-05,2325
2014-08-08,7188
2014-08-09,7399
2014-08-09,7510
2014-08-11,1390
2014-08-11,3357
2014-08-13,338
2014-08-13,7532
2014-08-14,7522
2014-08-14,7523
2014-08-14,7544
2014-08-15,1894
2014-08-16,7479
2014-08-16,7480
2014-08-17,7198
2014-08-19,1595
2014-08-19,3394
2014-08-20,1203
2014-08-20,7422
2014-08-21,3395
2014-08-22,1204
2014-08-22,7163
2014-08-25,7497
2014-08-26,3396
2014-08-26,3397
2014-08-26,7393
2014-08-29,364
2014-08-29,559
2014-08-29,604
2014-08-29,834
2014-08-30,465
2014-09-01,560
2014-09-03,2423
2014-09-05,1391
2014-09-05,3399
2014-09-06,1591
2014-09-07,1900
2014-09-07,7349
2014-09-07,7545
2014-09-08,7365
2014-09-09,1596
2014-09-09,2424
2014-09-10,3400
2014-09-10,3401
2014-09-13,652
2014-09-14,2425
2014-09-15,903
2014-09-15,7481
2014-09-17,3403
2014-09-18,7230
2014-09-21,985
2014-09-22,1205
2014-09-27,1901
2014-09-28,3404
2014-09-30,3405
2014-10-03,400
2014-10-09,3407
2014-10-10,7366
2014-10-10,7367
2014-10-11,3408
2014-10-15,3409
2014-10-16,337
2014-10-17,7335
2014-10-19,1597
2014-10-20,835
2014-10-20,7384
2014-10-22,836
2014-10-26,2426
2014-10-28,904
2014-10-29,1590
2014-11-01,1206
2014-11-03,3355
2014-11-04,1073
2014-11-04,3412
2014-11-06,1207
2014-11-07,3413
2014-11-11,1393
2014-11-16,7273
2014-11-20,1902
2014-11-26,1392
2014-11-26,2410
2014-11-26,2427
2014-11-26,3414
2014-12-04,7368
2014-12-05,3368
2014-12-07,2312
2014-12-09,905
2014-12-10,1394
2014-12-10,3419
2014-12-10,3420
2014-12-14,3411
2014-12-21,3261
2014-12-23,3402
2014-12-23,3418
2014-12-24,3415
2014-12-24,3416
2014-12-28,7385
2014-12-31,3417
2015-01-01,3421
2015-01-02,1395
2015-01-03,3216
2015-01-04,3422
2015-01-23,3423
2015-01-25,3424
2015-02-03,7369
2015-02-09,3091
2015-02-16,2422
2015-02-19,6921
2015-02-21,1598
2015-02-23,3425
2015-03-03,1903
2015-03-05,3426
2015-03-06,2428
2015-03-14,1074
2015-03-14,3427
2015-03-17,3428
2015-03-24,3429
2015-03-26,837
2015-03-27,1904
2015-04-04,1208
2015-04-11,605
2015-04-23,3431
2015-04-25,3410
2015-04-26,3430
2015-05-02,653
2015-05-06,3432
2015-05-08,3433
2015-05-13,1396
2015-05-17,7310
2015-05-18,3434
2015-05-19,3435
2015-05-20,1858
2015-05-20,7312
2015-05-25,3436
2015-06-01,906
2015-06-01,1905
2015-06-01,3437
2015-06-03,7386
2015-06-15,1397
2015-06-16,3377
2015-06-18,2429
2015-06-18,2430
2015-06-22,2431
2015-07-08,1906
2015-07-10,3276
2015-07-25,3438
2015-08-05,3398
2015-08-09,1599
2015-08-16,7321
2015-08-27,1075
2015-08-31,2432
2015-09-01,3439
2015-09-07,3382
2015-09-18,3406
2015-09-22,3441
2015-09-23,3442
2015-09-23,3443
2015-09-24,7330
2015-10-03,2433
2015-10-09,2435
2015-10-13,3444
2015-10-14,2436
2015-10-21,3445
2015-10-23,2434
2015-10-29,3446
2015-11-01,7325
2015-11-03,3440
2015-11-30,1907
2015-12-09,907
2015-12-24,3447
2015-12-28,838
2016-01-14,3448
2016-01-14,3449
2016-01-15,2437
2016-01-16,3450
2016-01-17,7370
2016-01-22,3451
